csv_row,error_type,label,score,distance_to_threshold,amount
460,FP,0,0.19615858793258667,0.1649646908044815,2.0
2961,FP,0,0.08096079528331757,0.0497668981552124,2.49
10783,FP,0,0.9663270711898804,0.935133159160614,89.99
13405,FP,0,0.9320316314697266,0.9008377194404602,89.99
13617,FP,0,0.9227622151374817,0.8915683031082153,89.99
10497,FN,1,0.011464343406260014,0.019729554653167725,3.79
52521,FN,1,0.006373129319399595,0.02482076734304428,105.99
55401,FN,1,0.005641566123813391,0.025552330538630486,1.0
91671,FN,1,0.0005004241247661412,0.030693473294377327,290.18
93486,FN,1,0.01835152506828308,0.012842372059822083,0.0
